	Problem	Additional Details	Correct Triage	Predicted Triage	Correct(Yes/No)
0	Back pain for 3 weeks.	35-year-old male; Pain started after shoveling snow; No leg pain or weakness; No fever or weight loss.	Self-care	Counter({'1-week': 10})	No
1	Belly pain and diarrhea for 7 days.	4-year-old male; Nothing unusual in diet though did have a hamburger at a cookout 3 days before pain started; Has fever; Diarrhea may have blood in it.	1-day	Counter({'1-week': 7, '1-day': 3})	No
2	Blood on toilet paper for 1 week.	68-year-old female; Stool is hard and must strain when using the bathroom; No weight loss, belly pain, or fever; Stool is not red or black.	1-week	Counter({'1-week': 10})	Yes
3	Chest pain for 1 day.	64-year-old male; Pain is in middle of chest under breast bone; Sweating and having trouble breathing.	Emergent	Counter({'1-day': 8, 'Emergent': 1, '1-week': 1})	No
4	Confused and sleepy for several hours.	48-year-old female; Can't answer where she is or what her name is (but she normally can); Takes Tylenol all the time for migraine, but recently took more.	Emergent	Counter({'1-day': 9, '1-week': 1})	No
5	Congestion for many years.	22-year-old male; Worse during spring season; Has sneezing and nose itching; Has eye itching and tearing.	Self-care	Counter({'1-week': 8, '1-day': 2})	No
6	Cough and fever for 3 days.	65-year-old male; Cough brings up green phlegm; Breathing fast and shallow.	1-day	Counter({'1-day': 5, '1-week': 5})	Yes
7	Dry itchy skin in front of elbows and behind knees for years.	12-year-old female; Brother has asthma; Recently told she has egg and milk allergies.	Self-care	Counter({'1-week': 7, 'Self-care': 2, '1-day': 1})	No
8	Feeling down for weeks.	32-year-old male; Wakes up early and cannot go back to sleep; Having difficulty concentrating at work; Cannot seem to stop worrying about his family.	1-week	Counter({'1-week': 10})	Yes
9	Feels congested and face pain for 15 days.	35-year-old female; Has green nose discharge; Has a fever again after thinking she was getting better.	1-week	Counter({'1-week': 7, '1-day': 3})	Yes
10	Fever and chills for 5 days.	18-year-old male; Has fever of 103.1F; Recently returned from Africa.	1-day	Counter({'1-week': 5, '1-day': 5})	Yes
11	Fever and rash for 2 days.	8-year-old male; Rash is worse on the ankles and wrists; Has joint pain and headache; Was camping recently.	Emergent	Counter({'1-week': 8, '1-day': 2})	No
12	Fever and sore throat for 2 hours.	7-year-old female; White stuff in back of throat; Painful front of the neck; No cough, no congestion; Temperature 102.	1-day	Counter({'1-day': 10})	Yes
13	Fever, headache, and cough for 4 days.	30-year-old female; Came on very suddenly; Feels weak all over; Temperature 102.5 at first, but not now.	Self-care	Counter({'1-day': 5, '1-week': 5})	No
14	Fever, sore throat, enlarged lymph nodes for one week.	16-year-old female; Trouble swallowing ; Extremely tired.	1-day	Counter({'1-week': 9, '1-day': 1})	No
15	Front of left leg is red and hurts for one day.	45-year-old man; Redness started quickly over a day; He thinks he has a high temperature, but he didn't check; Leg is swollen; Leg hurts to touch it, but he didn't cut it or bump it that he remembers.	1-day	Counter({'1-day': 6, '1-week': 4})	Yes
16	Headache for 3 days.	18-year-old male; Has fever 102; Neck stiff; Light bothers him.	Emergent	Counter({'1-day': 8, '1-week': 2})	No
17	Itchy rash on left hand for 1 day.	12-year-old male; Came on hours after playing in woods; Rash red and warm; No fever.	Self-care	Counter({'1-day': 10})	No
18	Left knee pain for 4 months.	62-year-old male; Worse after walking, better when resting; Sometimes swells up; Never hit knee against anything or fell.	1-week	Counter({'1-week': 10})	Yes
19	Left-sided pain between armpit and hip for 1 hour.	45-year-old male; Severe pain; Pain starts on left side and travels to groin; Has nausea and vomiting; Squirming in pain.	Emergent	Counter({'1-day': 5, 'Emergent': 4, '1-week': 1})	No
20	Mouth sores that come back over several years.	17-year-old male; Has 5 of them in his mouth; No other sores anywhere else; Takes no drugs or medicines.	Self-care	Counter({'1-day': 6, 'Self-care': 2, '1-week': 2})	No
21	Pain on right side of chest for 5 days.	77-year-old male; Pain was first and was then followed by rash in same area as pain; Feels unwell in general; Rash becomes clear pockets of fluid on top of skin after 3 days.	1-day	Counter({'1-week': 10})	No
22	Painful muscle spasms for 1 day.	65-year-old male; Having a hard time opening his mouth; Cut himself while gardening; He is restless and irritable.	Emergent	Counter({'1-day': 9, '1-week': 1})	No
23	Painful swollen right eyelid for 1 day.	30-year-old male; Pain is at edge of eyelid; Hurts to touch it; No change in vision.	Self-care	Counter({'1-day': 10})	No
24	Painful urination for 2 days.	26-year-old female; Has urgent need to pee; Recent sexual activity; No fever, but some back pain; .	1-day	Counter({'1-week': 7, '1-day': 3})	No
25	Red bumps on forehead for 4 weeks.	17-year-old male; Bumps come and go and then come in new places on face.	1-week	Counter({'1-week': 8, '1-day': 2})	Yes
26	Red, irritated eye for 3 days.	14-year-old male; Spread from right to left; Has watery eye discharge, but no pain; Has a stuffy nose.	Self-care	Counter({'1-day': 8, '1-week': 2})	No
27	Right leg pain for 2 days.	65-year-old female; Right leg is swollen, red, and painful; Was in hospital last week for pneumonia; Has mild heart disease.	1-day	Counter({'1-week': 8, '1-day': 2})	No
28	Right-sided weakness and difficulty speaking for 10 minutes.	70-year-old male; Can't use his right arm; Has high blood pressure and abnormal heart rhythm; Has nausea and vomiting.	Emergent	Counter({'Emergent': 9, '1-week': 1})	Yes
29	Runny nose for 12 days.	34-year-old female; No fever; Had also had a sore throat and cough; No other medical problems.	Self-care	Counter({'1-week': 8, '1-day': 2})	No
30	Sore throat for 2 days.	26-year-old male; Has a headache; Has a cough; No fever.	Self-care	Counter({'1-day': 7, '1-week': 3})	No
31	Sudden episodes of dizziness for 1 month.	65-year-old female; Triggered by tilting her head back to look up; Each attack lasts about 30 seconds; No hearing problems or weakness.	1-week	Counter({'1-week': 10})	Yes
32	Sudden severe abdominal pain.	12-year-old female; Temperature 104 F (40 C); Has nausea, vomiting, and diarrhea.	Emergent	Counter({'Emergent': 9, '1-day': 1})	Yes
33	Swollen and tender forehead at site of bee sting for 1 hour.	9-year-old male; Stopped crying after 15 minutes; Tongue looks normal; No wheezing or breathing problems.	Self-care	Counter({'1-day': 10})	No
34	Thirsty and peeing a lot for 4 weeks.	52-year-old male; Feels tired all the time; Has blurry vision on and off.	1-week	Counter({'1-week': 10})	Yes
35	Tired for 2 months.	39-year-old female; Has dry skin, weight gain, and constipation; Feels very cold when others are hot.	1-week	Counter({'1-week': 10})	Yes
36	Tired for 2 months.	42-year-old female; Overweight; Falls asleep during the day ; Partner complains about snoring at night.	1-week	Counter({'1-week': 9, 'Self-care': 1})	Yes
37	Trouble breathing for 3 days.	27-year-old female; Recent cold; Wheezing and coughing when sitting; Trouble breathing when walking around house; Has asthma; Inhalers don't help her anymore.	Emergent	Counter({'1-week': 10})	No
38	Trouble breathing for 3 days.	27-year-old female; Recent cold; Wheezing and coughing, especially at night; Has asthma; Inhalers only help for a couple of hours.	1-day	Counter({'1-day': 5, '1-week': 5})	Yes
39	Trouble breathing for 3 days.	67-year-old female; Has lung disease and smoked cigarettes; Increased cough with green phlegm; Can't speak in complete sentences.	Emergent	Counter({'1-week': 7, '1-day': 3})	No
40	Trouble breathing for 3 days.	67-year-old female; Has lung disease and smoked cigarettes; Increased cough with green phlegm; Using inhaler every 6 hours.	1-day	Counter({'1-week': 9, '1-day': 1})	No
41	Trouble breathing for 3 days.	78-year-old female; Ate very salty foods recently; Gaining weight and legs are swollen; Had a heart attack several years ago; Trouble breathing when sitting on the couch; .	Emergent	Counter({'1-day': 8, '1-week': 2})	No
42	Trouble breathing for 30 minutes.	65-year-old male; Has chest pain that worsens when he takes a breath; Had surgery last week; Has swelling and pain in his left calf.	Emergent	Counter({'Emergent': 6, '1-day': 4})	Yes
43	Trouble breathing for 7 days.	78-year-old female; Slowly gaining weight; Had a heart attack several years ago; Comfortable when sitting or walking slowly, but has trouble when walking up stairs.	1-week	Counter({'1-week': 10})	Yes
44	Upper abdominal pain for 2 months.	40-year-old male; Feels like a dull, gnawing ache; Wakes him up at night; Better when drinking milk and eating.	1-week	Counter({'1-week': 10})	Yes
45	Upper abdominal pain for 2 months.	40-year-old male; Worse with spicy and fried foods; Worse if he eats late at night before sleeping; Voice is becoming hoarse; .	1-week	Counter({'1-week': 10})	Yes
46	Vomiting, diarrhea, and belly pain for 18 hours.	14-year-old male; Had diarrhea 10 times in 18 hours; No blood in diarrhea; Has temperature of 103.1F; Attended a picnic recently and ate undercooked chicken.	1-day	Counter({'1-day': 9, '1-week': 1})	Yes
47	White stuff coming out of vagina for 2 days.	40-year-old female; Vagina also itchy; Doesn't hurt to pee; No abdominal pain; No fever.	Self-care	Counter({'1-week': 8, '1-day': 1, 'Self-care': 1})	No
